SNAPSHOT_DATE,PREFERRED_FIRST_NAME,PREFERRED_LAST_NAME,PREFERRED_FULL_NAME,INSITUTION_USER_ID,EMAIL_ADDRESS,PRIMARY_DEPARTMENT_AFFILIATION_ID,PRIMARY_DEPARTMENT_AFFILIATION,SECONDARY_DEPARTMENT_AFFILIATION_ID,SECONDARY_DEPARTMENT_AFFILIATION,PRIMARY_FACULTY_AFFILIATION_ID,PRIMARY_FACULTY_AFFILIATION,SECONDARY_FACULTY_AFFILIATION_ID,SECONDARY_FACULTY_AFFILIATION,PRIMARY_CAMPUS_LOCATION_ID,PRIMARY_CAMPUS_LOCATION,SECONDARY_CAMPUS_LOCATION_ID,SECONDARY_CAMPUS_LOCATION,PRIMARY_ACADEMIC_RANK,PRIMARY_ACADEMIC_TRACK_TYPE,PRIMARY_JOB_PROFILE_CODE,PRIMARY_JOB_PROFILE_NAME,SECONDARY_ACADEMIC_RANK,SECONDARY_ACADEMIC_TRACK_TYPE,SECONDARY_JOB_PROFILE_CODE,SECONDARY_JOB_PROFILE_NAME
7/6/2024,Amy,Burns,Amy Burns,a65c6f8f-44cb-4fab-8929-a5ff8a16fac0,amy.burns@example.com,EXAMPLE4,example4,EXAMPLE4,example4,EXAMPLE5,example5,EXAMPLE1,example1,PrimaryCampusLocation,Primary Campus Location,SecondaryCampusLocation,Secondary Campus Location,Assistant Professor (Partner),Term,job_prof_code5,Assistant Professor (Partner),Professor,Visiting,job_prof_code0,Professor
7/6/2024,Mario,Davis,Mario Davis,11b596a8-de1a-43e0-9084-60eaa5a7462e,mario.davis@example.com,EXAMPLE1,example1,EXAMPLE5,example5,EXAMPLE2,example2,EXAMPLE1,example1,PrimaryCampusLocation,Primary Campus Location,SecondaryCampusLocation,Secondary Campus Location,Professor of Teaching,Clinical,job_prof_code1,Professor of Teaching,Affiliate Instructor,Visiting,job_prof_code3,Affiliate Instructor
7/6/2024,Henry,Erickson,Henry Erickson,8262b34e-865d-4d29-8c84-4d4a564d4025,henry.erickson@example.com,EXAMPLE4,example4,EXAMPLE1,example1,EXAMPLE3,example3,EXAMPLE4,example4,PrimaryCampusLocation,Primary Campus Location,SecondaryCampusLocation,Secondary Campus Location,Professor of Teaching,Clinical,job_prof_code5,Professor of Teaching,Professor (part-time),Term,job_prof_code1,Professor (part-time)
7/6/2024,Kyle,Williams,Kyle Williams,0f4bbb60-a954-4902-9642-29eaf3d83bf5,kyle.williams@example.com,EXAMPLE5,example5,EXAMPLE4,example4,EXAMPLE0,example0,EXAMPLE5,example5,PrimaryCampusLocation,Primary Campus Location,SecondaryCampusLocation,Secondary Campus Location,Affiliate Professor,Term,job_prof_code4,Affiliate Professor,Clinical Assistant Professor,Visiting,job_prof_code2,Clinical Assistant Professor
7/6/2024,Lindsay,Morgan,Lindsay Morgan,4949a93b-73d6-4a82-8fd4-225c5fe9b733,lindsay.morgan@example.com,EXAMPLE1,example1,EXAMPLE2,example2,EXAMPLE5,example5,EXAMPLE5,example5,PrimaryCampusLocation,Primary Campus Location,SecondaryCampusLocation,Secondary Campus Location,Assistant Professor of Teaching (grant tenure-track),Tenure,job_prof_code4,Assistant Professor of Teaching (grant tenure-track),Professor (tenure),Visiting,job_prof_code1,Professor (tenure)
7/6/2024,Gabriel,Brown,Gabriel Brown,d8758063-5849-407d-ab33-576b929a126a,gabriel.brown@example.com,EXAMPLE3,example3,EXAMPLE1,example1,EXAMPLE2,example2,EXAMPLE0,example0,PrimaryCampusLocation,Primary Campus Location,SecondaryCampusLocation,Secondary Campus Location,Associate Professor (tenure),Visiting,job_prof_code0,Associate Professor (tenure),Affiliate Assistant Professor,Clinical,job_prof_code3,Affiliate Assistant Professor
7/6/2024,Joseph,Vega,Joseph Vega,02a4d835-35dd-471b-b5b2-f9b4d21744ea,joseph.vega@example.com,EXAMPLE1,example1,EXAMPLE2,example2,EXAMPLE5,example5,EXAMPLE5,example5,PrimaryCampusLocation,Primary Campus Location,SecondaryCampusLocation,Secondary Campus Location,Research Associate,Clinical,job_prof_code4,Research Associate,Professor (tenure),Term,job_prof_code1,Professor (tenure)
7/6/2024,Andrew,Cruz,Andrew Cruz,d7e3fbaf-a813-46f2-a10e-0e0c91a97dbd,andrew.cruz@example.com,EXAMPLE1,example1,EXAMPLE5,example5,EXAMPLE2,example2,EXAMPLE5,example5,PrimaryCampusLocation,Primary Campus Location,SecondaryCampusLocation,Secondary Campus Location,Assistant Professor (grant tenure),Tenure,job_prof_code2,Assistant Professor (grant tenure),Affiliate Instructor,Visiting,job_prof_code3,Affiliate Instructor
7/6/2024,Lindsey,Abbott,Lindsey Abbott,307829f3-8ecc-44e4-bad0-ac7c39c6bf71,lindsey.abbott@example.com,EXAMPLE4,example4,EXAMPLE1,example1,EXAMPLE0,example0,EXAMPLE3,example3,PrimaryCampusLocation,Primary Campus Location,SecondaryCampusLocation,Secondary Campus Location,Affiliate Instructor,Term,job_prof_code1,Affiliate Instructor,Professor (Partner),Clinical,job_prof_code2,Professor (Partner)
7/6/2024,Sabrina,Juarez,Sabrina Juarez,029b473c-3479-4982-b114-286653b193cf,sabrina.juarez@example.com,EXAMPLE1,example1,EXAMPLE1,example1,EXAMPLE4,example4,EXAMPLE4,example4,PrimaryCampusLocation,Primary Campus Location,SecondaryCampusLocation,Secondary Campus Location,Professor (Partner),Term,job_prof_code1,Professor (Partner),Postdoctoral Research Fellow,Visiting,job_prof_code1,Postdoctoral Research Fellow
7/6/2024,Dana,Clark,Dana Clark,cf46a12f-66d6-457b-bf55-91721a00dcb2,dana.clark@example.com,EXAMPLE1,example1,EXAMPLE2,example2,EXAMPLE5,example5,EXAMPLE1,example1,PrimaryCampusLocation,Primary Campus Location,SecondaryCampusLocation,Secondary Campus Location,Professor (tenure-track),Tenure,job_prof_code4,Professor (tenure-track),Assistant Professor (part-time),Term,job_prof_code1,Assistant Professor (part-time)
7/6/2024,Mark,Holden,Mark Holden,503261e4-fbcb-4003-a615-82ae2cbf7344,mark.holden@example.com,EXAMPLE5,example5,EXAMPLE4,example4,EXAMPLE4,example4,EXAMPLE1,example1,PrimaryCampusLocation,Primary Campus Location,SecondaryCampusLocation,Secondary Campus Location,"Professor, University Killam",Term,job_prof_code0,"Professor, University Killam",Affiliate Professor,Tenure,job_prof_code5,Affiliate Professor
7/6/2024,Miguel,Wong,Miguel Wong,f07615d1-a91c-4632-9370-46aac1807d82,miguel.wong@example.com,EXAMPLE5,example5,EXAMPLE0,example0,EXAMPLE5,example5,EXAMPLE3,example3,PrimaryCampusLocation,Primary Campus Location,SecondaryCampusLocation,Secondary Campus Location,Assistant Professor (tenure),Tenure,job_prof_code1,Assistant Professor (tenure),Associate Professor of Teaching,Visiting,job_prof_code5,Associate Professor of Teaching
7/6/2024,William,Rosales,William Rosales,2bbf0d0d-7bec-4e0e-8e41-360aaea6a27c,william.rosales@example.com,EXAMPLE0,example0,EXAMPLE4,example4,EXAMPLE4,example4,EXAMPLE1,example1,PrimaryCampusLocation,Primary Campus Location,SecondaryCampusLocation,Secondary Campus Location,Affiliate Senior Instructor,Tenure,job_prof_code0,Affiliate Senior Instructor,Assistant Professor (tenure),Visiting,job_prof_code5,Assistant Professor (tenure)
7/6/2024,Christina,Welch,Christina Welch,5ce636b5-f47b-4e4a-abff-31102f046718,christina.welch@example.com,EXAMPLE5,example5,EXAMPLE3,example3,EXAMPLE5,example5,EXAMPLE1,example1,PrimaryCampusLocation,Primary Campus Location,SecondaryCampusLocation,Secondary Campus Location,Assistant Professor of Teaching (grant tenure-track),Tenure,job_prof_code0,Assistant Professor of Teaching (grant tenure-track),Postdoctoral Teaching Fellow,Visiting,job_prof_code0,Postdoctoral Teaching Fellow
7/6/2024,Justin,Davidson,Justin Davidson,4a679633-c6fc-43f7-94c6-45919c3f94a3,justin.davidson@example.com,EXAMPLE0,example0,EXAMPLE1,example1,EXAMPLE1,example1,EXAMPLE5,example5,PrimaryCampusLocation,Primary Campus Location,SecondaryCampusLocation,Secondary Campus Location,Affiliate Professor,Term,job_prof_code3,Affiliate Professor,Affiliate Associate Professor,Visiting,job_prof_code3,Affiliate Associate Professor
7/6/2024,Tammy,Johnson,Tammy Johnson,e562c952-48e0-49bb-98af-1140a4aa5ca2,tammy.johnson@example.com,EXAMPLE5,example5,EXAMPLE3,example3,EXAMPLE3,example3,EXAMPLE1,example1,PrimaryCampusLocation,Primary Campus Location,SecondaryCampusLocation,Secondary Campus Location,Assistant Professor of Teaching,Tenure,job_prof_code2,Assistant Professor of Teaching,Lecturer,Term,job_prof_code3,Lecturer
7/6/2024,Angela,Rose,Angela Rose,71e08604-4000-409c-ad67-0b70ab52399e,angela.rose@example.com,EXAMPLE1,example1,EXAMPLE0,example0,EXAMPLE1,example1,EXAMPLE5,example5,PrimaryCampusLocation,Primary Campus Location,SecondaryCampusLocation,Secondary Campus Location,"Professor, University Killam",Visiting,job_prof_code4,"Professor, University Killam",Associate Professor (Partner),Term,job_prof_code0,Associate Professor (Partner)
7/6/2024,Jorge,Hall,Jorge Hall,acf2bf98-8281-4d34-b4d7-45cc0aece8e2,jorge.hall@example.com,EXAMPLE0,example0,EXAMPLE2,example2,EXAMPLE2,example2,EXAMPLE0,example0,PrimaryCampusLocation,Primary Campus Location,SecondaryCampusLocation,Secondary Campus Location,Associate Professor (part-time),Visiting,job_prof_code3,Associate Professor (part-time),Associate Professor (tenure),Term,job_prof_code4,Associate Professor (tenure)
7/6/2024,Allen,Johnson,Allen Johnson,01656dd2-c78a-4347-b311-4e227ed3b630,allen.johnson@example.com,EXAMPLE1,example1,EXAMPLE3,example3,EXAMPLE3,example3,EXAMPLE2,example2,PrimaryCampusLocation,Primary Campus Location,SecondaryCampusLocation,Secondary Campus Location,Affiliate Assistant Professor,Clinical,job_prof_code4,Affiliate Assistant Professor,Assistant Professor of Teaching (part-time),Clinical,job_prof_code5,Assistant Professor of Teaching (part-time)
7/6/2024,Jamie,Green,Jamie Green,b20a6bc7-bc38-47e6-acbb-1d163140c7dc,jamie.green@example.com,EXAMPLE2,example2,EXAMPLE0,example0,EXAMPLE4,example4,EXAMPLE2,example2,PrimaryCampusLocation,Primary Campus Location,SecondaryCampusLocation,Secondary Campus Location,Assistant Professor of Teaching (part-time),Visiting,job_prof_code3,Assistant Professor of Teaching (part-time),Professor without review,Clinical,job_prof_code0,Professor without review
7/6/2024,Aaron,Mendez,Aaron Mendez,3ff4b31b-8b70-42d8-be05-6b2095fa7f6e,aaron.mendez@example.com,EXAMPLE2,example2,EXAMPLE2,example2,EXAMPLE1,example1,EXAMPLE4,example4,PrimaryCampusLocation,Primary Campus Location,SecondaryCampusLocation,Secondary Campus Location,Professor (grant-tenure),Term,job_prof_code0,Professor (grant-tenure),Professor Emeritus,Visiting,job_prof_code0,Professor Emeritus
7/6/2024,Pamela,Juarez,Pamela Juarez,e91a7fa5-786a-4300-806b-6f95cad12de5,pamela.juarez@example.com,EXAMPLE4,example4,EXAMPLE4,example4,EXAMPLE0,example0,EXAMPLE1,example1,PrimaryCampusLocation,Primary Campus Location,SecondaryCampusLocation,Secondary Campus Location,Clinical Assistant Professor,Clinical,job_prof_code1,Clinical Assistant Professor,Professor (Partner),Clinical,job_prof_code2,Professor (Partner)
7/6/2024,Gabriel,Ramirez,Gabriel Ramirez,ca5901d2-e274-44eb-8874-5fe3f8479462,gabriel.ramirez@example.com,EXAMPLE4,example4,EXAMPLE0,example0,EXAMPLE5,example5,EXAMPLE3,example3,PrimaryCampusLocation,Primary Campus Location,SecondaryCampusLocation,Secondary Campus Location,"Professor, University Killam",Visiting,job_prof_code2,"Professor, University Killam","Professor, University Killam",Visiting,job_prof_code0,"Professor, University Killam"
7/6/2024,Kristina,Richardson,Kristina Richardson,6eda1942-6012-4f90-8c0c-66780487e9eb,kristina.richardson@example.com,EXAMPLE1,example1,EXAMPLE1,example1,EXAMPLE1,example1,EXAMPLE2,example2,PrimaryCampusLocation,Primary Campus Location,SecondaryCampusLocation,Secondary Campus Location,"Professor, University Killam",Term,job_prof_code1,"Professor, University Killam",Associate Professor (part-time),Clinical,job_prof_code2,Associate Professor (part-time)
7/6/2024,Virginia,Hall,Virginia Hall,2821e714-8d12-4cda-a5e3-30ece56d6d15,virginia.hall@example.com,EXAMPLE0,example0,EXAMPLE2,example2,EXAMPLE2,example2,EXAMPLE3,example3,PrimaryCampusLocation,Primary Campus Location,SecondaryCampusLocation,Secondary Campus Location,Affiliate Associate Professor,Visiting,job_prof_code4,Affiliate Associate Professor,Affiliate Assistant Professor,Visiting,job_prof_code1,Affiliate Assistant Professor
7/6/2024,Helen,Knox,Helen Knox,ad7b82f5-8476-4077-90df-2b38738c1fa5,helen.knox@example.com,EXAMPLE1,example1,EXAMPLE1,example1,EXAMPLE1,example1,EXAMPLE0,example0,PrimaryCampusLocation,Primary Campus Location,SecondaryCampusLocation,Secondary Campus Location,Professor Emeritus,Clinical,job_prof_code4,Professor Emeritus,Affiliate Professor of Teaching,Tenure,job_prof_code1,Affiliate Professor of Teaching
7/6/2024,Mitchell,Orr,Mitchell Orr,bc1e08bb-ab1a-4db2-ae17-9426a17b12f2,mitchell.orr@example.com,EXAMPLE3,example3,EXAMPLE4,example4,EXAMPLE2,example2,EXAMPLE5,example5,PrimaryCampusLocation,Primary Campus Location,SecondaryCampusLocation,Secondary Campus Location,Professor Emeritus,Clinical,job_prof_code3,Professor Emeritus,Acting Assistant Professor (tenure-track),Term,job_prof_code5,Acting Assistant Professor (tenure-track)
7/6/2024,Leslie,Davidson,Leslie Davidson,cca89a93-b946-46e3-aa1b-07b1bad86a29,leslie.davidson@example.com,EXAMPLE0,example0,EXAMPLE2,example2,EXAMPLE3,example3,EXAMPLE4,example4,PrimaryCampusLocation,Primary Campus Location,SecondaryCampusLocation,Secondary Campus Location,Assistant Professor (grant tenure-track),Tenure,job_prof_code4,Assistant Professor (grant tenure-track),Assistant Professor (tenure),Visiting,job_prof_code1,Assistant Professor (tenure)
7/6/2024,Patrick,Hughes,Patrick Hughes,71db65c9-eb81-4647-b18f-991a75f22e62,patrick.hughes@example.com,EXAMPLE3,example3,EXAMPLE5,example5,EXAMPLE5,example5,EXAMPLE2,example2,PrimaryCampusLocation,Primary Campus Location,SecondaryCampusLocation,Secondary Campus Location,Lecturer,Clinical,job_prof_code1,Lecturer,Associate Professor (tenure),Clinical,job_prof_code3,Associate Professor (tenure)
7/6/2024,George,Mayer,George Mayer,a1b8b7c7-3f50-4c73-b6c6-e2ae5c63e6c3,george.mayer@example.com,EXAMPLE1,example1,EXAMPLE0,example0,EXAMPLE2,example2,EXAMPLE3,example3,PrimaryCampusLocation,Primary Campus Location,SecondaryCampusLocation,Secondary Campus Location,Clinical Associate Professor,Term,job_prof_code0,Clinical Associate Professor,Associate Professor of Teaching,Visiting,job_prof_code5,Associate Professor of Teaching
7/6/2024,Ashley,Schmidt,Ashley Schmidt,f82052d4-6608-4bb0-8e0b-60ae0babdfde,ashley.schmidt@example.com,EXAMPLE1,example1,EXAMPLE5,example5,EXAMPLE4,example4,EXAMPLE5,example5,PrimaryCampusLocation,Primary Campus Location,SecondaryCampusLocation,Secondary Campus Location,Professor without review,Term,job_prof_code0,Professor without review,Research Associate,Visiting,job_prof_code4,Research Associate
7/6/2024,Andrew,Farmer,Andrew Farmer,be9a0ec3-ebe0-4bd2-8f1a-74efd66170c7,andrew.farmer@example.com,EXAMPLE3,example3,EXAMPLE5,example5,EXAMPLE4,example4,EXAMPLE2,example2,PrimaryCampusLocation,Primary Campus Location,SecondaryCampusLocation,Secondary Campus Location,Associate Professor of Teaching,Term,job_prof_code3,Associate Professor of Teaching,Assistant Professor (tenure),Tenure,job_prof_code3,Assistant Professor (tenure)
7/6/2024,Cindy,Schneider,Cindy Schneider,93529fbb-3d3b-45e7-a7c3-03e00a1e5352,cindy.schneider@example.com,EXAMPLE3,example3,EXAMPLE3,example3,EXAMPLE2,example2,EXAMPLE1,example1,PrimaryCampusLocation,Primary Campus Location,SecondaryCampusLocation,Secondary Campus Location,Affiliate Professor,Visiting,job_prof_code4,Affiliate Professor,Associate Professor (tenure),Clinical,job_prof_code2,Associate Professor (tenure)
7/6/2024,Jacob,Pope,Jacob Pope,071a6936-acc0-493e-9e29-51839b052706,jacob.pope@example.com,EXAMPLE3,example3,EXAMPLE0,example0,EXAMPLE5,example5,EXAMPLE1,example1,PrimaryCampusLocation,Primary Campus Location,SecondaryCampusLocation,Secondary Campus Location,Assistant Professor (tenure-track),Term,job_prof_code2,Assistant Professor (tenure-track),"Professor, University Killam",Term,job_prof_code2,"Professor, University Killam"
7/6/2024,Robert,Hanson,Robert Hanson,a5b8b679-0ad3-4e93-a6ee-aadeb295dcd0,robert.hanson@example.com,EXAMPLE0,example0,EXAMPLE3,example3,EXAMPLE5,example5,EXAMPLE5,example5,PrimaryCampusLocation,Primary Campus Location,SecondaryCampusLocation,Secondary Campus Location,Assistant Professor (tenure-track),Tenure,job_prof_code4,Assistant Professor (tenure-track),Affiliate Professor of Teaching,Clinical,job_prof_code5,Affiliate Professor of Teaching
7/6/2024,Erik,Wagner,Erik Wagner,d2d8715e-f726-472d-a8ad-046e596c0c96,erik.wagner@example.com,EXAMPLE0,example0,EXAMPLE1,example1,EXAMPLE0,example0,EXAMPLE3,example3,PrimaryCampusLocation,Primary Campus Location,SecondaryCampusLocation,Secondary Campus Location,Assistant Professor (tenure-track),Visiting,job_prof_code2,Assistant Professor (tenure-track),Research Associate,Tenure,job_prof_code1,Research Associate
7/6/2024,Angie,Leach,Angie Leach,c8f5b79b-10af-44f8-b430-6a6c655b5705,angie.leach@example.com,EXAMPLE1,example1,EXAMPLE3,example3,EXAMPLE5,example5,EXAMPLE5,example5,PrimaryCampusLocation,Primary Campus Location,SecondaryCampusLocation,Secondary Campus Location,Affiliate Assistant Professor,Tenure,job_prof_code4,Affiliate Assistant Professor,Research Associate,Clinical,job_prof_code4,Research Associate
7/6/2024,Lauren,Garcia,Lauren Garcia,4b256945-d852-4fce-8702-c107423984fa,lauren.garcia@example.com,EXAMPLE3,example3,EXAMPLE1,example1,EXAMPLE4,example4,EXAMPLE2,example2,PrimaryCampusLocation,Primary Campus Location,SecondaryCampusLocation,Secondary Campus Location,Assistant Professor,Term,job_prof_code3,Assistant Professor,Affiliate Associate Professor,Clinical,job_prof_code5,Affiliate Associate Professor
7/6/2024,Desiree,Peterson,Desiree Peterson,97ad4dc4-795b-4620-88b0-a7f5b0c7d189,desiree.peterson@example.com,EXAMPLE0,example0,EXAMPLE5,example5,EXAMPLE0,example0,EXAMPLE4,example4,PrimaryCampusLocation,Primary Campus Location,SecondaryCampusLocation,Secondary Campus Location,Associate Professor (grant tenure),Tenure,job_prof_code2,Associate Professor (grant tenure),Assistant Professor of Teaching (grant tenure-track),Term,job_prof_code0,Assistant Professor of Teaching (grant tenure-track)
7/6/2024,Miranda,Campos,Miranda Campos,d09441e8-6d2c-4d62-aa9d-fbe4f4b35165,miranda.campos@example.com,EXAMPLE5,example5,EXAMPLE3,example3,EXAMPLE5,example5,EXAMPLE0,example0,PrimaryCampusLocation,Primary Campus Location,SecondaryCampusLocation,Secondary Campus Location,Assistant Professor of Teaching (grant tenure-track),Tenure,job_prof_code2,Assistant Professor of Teaching (grant tenure-track),Associate Professor (tenure-track),Term,job_prof_code5,Associate Professor (tenure-track)
7/6/2024,Lisa,Barry,Lisa Barry,834964bb-76ac-4773-9bed-ed2479b2b798,lisa.barry@example.com,EXAMPLE1,example1,EXAMPLE2,example2,EXAMPLE5,example5,EXAMPLE2,example2,PrimaryCampusLocation,Primary Campus Location,SecondaryCampusLocation,Secondary Campus Location,Professor (grant-tenure),Term,job_prof_code0,Professor (grant-tenure),Associate Professor of Teaching,Term,job_prof_code2,Associate Professor of Teaching
7/6/2024,Crystal,Williams,Crystal Williams,d42ff4e2-ec70-4062-9208-06b50e6bf4d5,crystal.williams@example.com,EXAMPLE1,example1,EXAMPLE1,example1,EXAMPLE1,example1,EXAMPLE1,example1,PrimaryCampusLocation,Primary Campus Location,SecondaryCampusLocation,Secondary Campus Location,Clinical Professor,Clinical,job_prof_code3,Clinical Professor,Professor (part-time),Visiting,job_prof_code3,Professor (part-time)
7/6/2024,Jason,Peters,Jason Peters,08db5c58-4803-46e9-89bf-5abb1bd1541d,jason.peters@example.com,EXAMPLE0,example0,EXAMPLE4,example4,EXAMPLE4,example4,EXAMPLE3,example3,PrimaryCampusLocation,Primary Campus Location,SecondaryCampusLocation,Secondary Campus Location,Professor,Visiting,job_prof_code5,Professor,Clinical Associate Professor,Tenure,job_prof_code2,Clinical Associate Professor
7/6/2024,Brian,Dougherty,Brian Dougherty,d18c501a-89ed-4fa7-83cf-c1e6e35e857e,brian.dougherty@example.com,EXAMPLE2,example2,EXAMPLE2,example2,EXAMPLE5,example5,EXAMPLE3,example3,PrimaryCampusLocation,Primary Campus Location,SecondaryCampusLocation,Secondary Campus Location,Acting Assistant Professor (tenure-track),Tenure,job_prof_code0,Acting Assistant Professor (tenure-track),Postdoctoral Teaching Fellow,Tenure,job_prof_code3,Postdoctoral Teaching Fellow
7/6/2024,James,Harmon,James Harmon,476007ed-f8e5-44d7-8d92-beebe2116b28,james.harmon@example.com,EXAMPLE5,example5,EXAMPLE4,example4,EXAMPLE4,example4,EXAMPLE0,example0,PrimaryCampusLocation,Primary Campus Location,SecondaryCampusLocation,Secondary Campus Location,Associate Professor (grant tenure),Term,job_prof_code0,Associate Professor (grant tenure),Associate Professor,Visiting,job_prof_code1,Associate Professor
7/6/2024,Terry,Howard,Terry Howard,00bd929e-0b84-47d5-acbe-b3825655521f,terry.howard@example.com,EXAMPLE0,example0,EXAMPLE0,example0,EXAMPLE0,example0,EXAMPLE4,example4,PrimaryCampusLocation,Primary Campus Location,SecondaryCampusLocation,Secondary Campus Location,Associate Professor (Partner),Tenure,job_prof_code2,Associate Professor (Partner),Associate Professor (part-time),Clinical,job_prof_code4,Associate Professor (part-time)
7/6/2024,Pamela,Frazier,Pamela Frazier,061e3efe-6b6d-46b4-997d-914f6bcc4590,pamela.frazier@example.com,EXAMPLE2,example2,EXAMPLE1,example1,EXAMPLE3,example3,EXAMPLE3,example3,PrimaryCampusLocation,Primary Campus Location,SecondaryCampusLocation,Secondary Campus Location,Clinical Assistant Professor,Tenure,job_prof_code1,Clinical Assistant Professor,Professor (Partner),Clinical,job_prof_code2,Professor (Partner)
7/6/2024,Nicole,Mcgee,Nicole Mcgee,5ea336fa-00a7-4f55-9b97-385c8de5b27b,nicole.mcgee@example.com,EXAMPLE2,example2,EXAMPLE0,example0,EXAMPLE2,example2,EXAMPLE4,example4,PrimaryCampusLocation,Primary Campus Location,SecondaryCampusLocation,Secondary Campus Location,Assistant Professor of Teaching (part-time),Term,job_prof_code3,Assistant Professor of Teaching (part-time),Affiliate Instructor,Visiting,job_prof_code3,Affiliate Instructor
7/6/2024,Erik,Soto,Erik Soto,2387dbe3-8c45-4bfb-a648-2cb4819e3d4d,erik.soto@example.com,EXAMPLE2,example2,EXAMPLE1,example1,EXAMPLE0,example0,EXAMPLE4,example4,PrimaryCampusLocation,Primary Campus Location,SecondaryCampusLocation,Secondary Campus Location,Professor,Visiting,job_prof_code0,Professor,Professor (Partner),Tenure,job_prof_code3,Professor (Partner)
7/6/2024,Ryan,Davis,Ryan Davis,67bdd6c3-6ecf-422c-8441-2e35679c5b7f,ryan.davis@example.com,EXAMPLE5,example5,EXAMPLE1,example1,EXAMPLE1,example1,EXAMPLE2,example2,PrimaryCampusLocation,Primary Campus Location,SecondaryCampusLocation,Secondary Campus Location,Associate Professor of Teaching,Visiting,job_prof_code5,Associate Professor of Teaching,Professor (part-time),Visiting,job_prof_code3,Professor (part-time)
7/6/2024,Sara,Rojas,Sara Rojas,14381058-aab2-44e8-a3db-b5872d7de104,sara.rojas@example.com,EXAMPLE4,example4,EXAMPLE4,example4,EXAMPLE5,example5,EXAMPLE2,example2,PrimaryCampusLocation,Primary Campus Location,SecondaryCampusLocation,Secondary Campus Location,Clinical Assistant Professor,Term,job_prof_code3,Clinical Assistant Professor,Assistant Professor (tenure-track),Visiting,job_prof_code4,Assistant Professor (tenure-track)
7/6/2024,John,Cole,John Cole,59ae2bd5-2468-4dcd-acb4-3f59978048ce,john.cole@example.com,EXAMPLE4,example4,EXAMPLE0,example0,EXAMPLE1,example1,EXAMPLE4,example4,PrimaryCampusLocation,Primary Campus Location,SecondaryCampusLocation,Secondary Campus Location,Professor (Partner),Term,job_prof_code2,Professor (Partner),Assistant Professor (tenure),Visiting,job_prof_code1,Assistant Professor (tenure)
7/6/2024,Brad,Williams,Brad Williams,d5ef87a1-3153-401d-b926-75f0db87d229,brad.williams@example.com,EXAMPLE0,example0,EXAMPLE1,example1,EXAMPLE3,example3,EXAMPLE3,example3,PrimaryCampusLocation,Primary Campus Location,SecondaryCampusLocation,Secondary Campus Location,Assistant Professor of Teaching,Term,job_prof_code5,Assistant Professor of Teaching,Professor (tenure-track),Visiting,job_prof_code3,Professor (tenure-track)
7/6/2024,Alejandro,Horton,Alejandro Horton,17ccaf00-a3b1-4435-b126-03cc9d1db6a5,alejandro.horton@example.com,EXAMPLE2,example2,EXAMPLE4,example4,EXAMPLE0,example0,EXAMPLE0,example0,PrimaryCampusLocation,Primary Campus Location,SecondaryCampusLocation,Secondary Campus Location,Assistant Professor (tenure),Term,job_prof_code2,Assistant Professor (tenure),Associate Professor (part-time),Clinical,job_prof_code2,Associate Professor (part-time)
7/6/2024,Jacqueline,West,Jacqueline West,538dfd5d-109f-410c-b974-1db33ed0dd58,jacqueline.west@example.com,EXAMPLE0,example0,EXAMPLE4,example4,EXAMPLE0,example0,EXAMPLE5,example5,PrimaryCampusLocation,Primary Campus Location,SecondaryCampusLocation,Secondary Campus Location,Postdoctoral Research Fellow,Visiting,job_prof_code5,Postdoctoral Research Fellow,Associate Professor (tenure-track),Clinical,job_prof_code3,Associate Professor (tenure-track)
7/6/2024,Zachary,Smith,Zachary Smith,3358bf58-6990-4e97-8f76-d1a4a25bbad8,zachary.smith@example.com,EXAMPLE2,example2,EXAMPLE0,example0,EXAMPLE0,example0,EXAMPLE4,example4,PrimaryCampusLocation,Primary Campus Location,SecondaryCampusLocation,Secondary Campus Location,Assistant Professor (tenure-track),Clinical,job_prof_code1,Assistant Professor (tenure-track),Professor without review,Visiting,job_prof_code0,Professor without review
7/6/2024,Cassie,Cabrera,Cassie Cabrera,2284d901-1196-47b3-a671-846565d2e68d,cassie.cabrera@example.com,EXAMPLE4,example4,EXAMPLE4,example4,EXAMPLE3,example3,EXAMPLE3,example3,PrimaryCampusLocation,Primary Campus Location,SecondaryCampusLocation,Secondary Campus Location,Assistant Professor (grant tenure-track),Clinical,job_prof_code1,Assistant Professor (grant tenure-track),Affiliate Assistant Professor,Tenure,job_prof_code5,Affiliate Assistant Professor
7/6/2024,Carrie,Smith,Carrie Smith,11984d52-b791-4cf9-8c79-bc0d21a8a183,carrie.smith@example.com,EXAMPLE5,example5,EXAMPLE2,example2,EXAMPLE0,example0,EXAMPLE3,example3,PrimaryCampusLocation,Primary Campus Location,SecondaryCampusLocation,Secondary Campus Location,Assistant Professor of Teaching (part-time),Term,job_prof_code5,Assistant Professor of Teaching (part-time),Associate Professor (grant tenure),Tenure,job_prof_code3,Associate Professor (grant tenure)
7/6/2024,Michelle,Cohen,Michelle Cohen,7d325df4-375f-44ee-b72a-0aa097519980,michelle.cohen@example.com,EXAMPLE3,example3,EXAMPLE2,example2,EXAMPLE5,example5,EXAMPLE4,example4,PrimaryCampusLocation,Primary Campus Location,SecondaryCampusLocation,Secondary Campus Location,Clinical Assistant Professor,Clinical,job_prof_code1,Clinical Assistant Professor,Associate Professor (tenure-track),Visiting,job_prof_code0,Associate Professor (tenure-track)
7/6/2024,Sherri,Brown,Sherri Brown,153a8a5f-8183-48f1-9a10-e8cb62428a99,sherri.brown@example.com,EXAMPLE2,example2,EXAMPLE5,example5,EXAMPLE1,example1,EXAMPLE0,example0,PrimaryCampusLocation,Primary Campus Location,SecondaryCampusLocation,Secondary Campus Location,Associate Professor (tenure),Clinical,job_prof_code4,Associate Professor (tenure),Assistant Professor (tenure),Tenure,job_prof_code1,Assistant Professor (tenure)
7/6/2024,Robert,David,Robert David,0afac889-a4e8-46f9-834f-2b9f368d2a67,robert.david@example.com,EXAMPLE5,example5,EXAMPLE3,example3,EXAMPLE4,example4,EXAMPLE5,example5,PrimaryCampusLocation,Primary Campus Location,SecondaryCampusLocation,Secondary Campus Location,Research Associate,Clinical,job_prof_code3,Research Associate,Associate Professor,Term,job_prof_code2,Associate Professor
7/6/2024,Timothy,Hale,Timothy Hale,4eb301f3-8119-4780-bf91-98a973daf4b3,timothy.hale@example.com,EXAMPLE3,example3,EXAMPLE0,example0,EXAMPLE0,example0,EXAMPLE3,example3,PrimaryCampusLocation,Primary Campus Location,SecondaryCampusLocation,Secondary Campus Location,Associate Professor,Visiting,job_prof_code5,Associate Professor,Assistant Professor of Teaching,Clinical,job_prof_code3,Assistant Professor of Teaching
7/6/2024,Christopher,Hamilton,Christopher Hamilton,43a69526-3b10-4b41-a1b3-4d3c69007acb,christopher.hamilton@example.com,EXAMPLE1,example1,EXAMPLE2,example2,EXAMPLE3,example3,EXAMPLE0,example0,PrimaryCampusLocation,Primary Campus Location,SecondaryCampusLocation,Secondary Campus Location,Affiliate Senior Instructor,Clinical,job_prof_code2,Affiliate Senior Instructor,Professor (grant-tenure),Term,job_prof_code4,Professor (grant-tenure)
7/6/2024,Kevin,Jackson,Kevin Jackson,83da2a00-9e59-4a61-b24e-d249d9105838,kevin.jackson@example.com,EXAMPLE2,example2,EXAMPLE0,example0,EXAMPLE4,example4,EXAMPLE1,example1,PrimaryCampusLocation,Primary Campus Location,SecondaryCampusLocation,Secondary Campus Location,Professor (Partner),Term,job_prof_code0,Professor (Partner),Affiliate Assistant Professor,Tenure,job_prof_code5,Affiliate Assistant Professor
7/6/2024,Andrew,Farmer,Andrew Farmer,f7cd816d-09ac-453c-abfb-ee530de9065f,andrew.farmer@example.com,EXAMPLE0,example0,EXAMPLE0,example0,EXAMPLE3,example3,EXAMPLE5,example5,PrimaryCampusLocation,Primary Campus Location,SecondaryCampusLocation,Secondary Campus Location,Professor Emeritus,Tenure,job_prof_code3,Professor Emeritus,Assistant Professor of Teaching,Visiting,job_prof_code0,Assistant Professor of Teaching
7/6/2024,Tammy,Williams,Tammy Williams,8623e081-d699-4413-81ff-b940255b91d8,tammy.williams@example.com,EXAMPLE1,example1,EXAMPLE5,example5,EXAMPLE2,example2,EXAMPLE2,example2,PrimaryCampusLocation,Primary Campus Location,SecondaryCampusLocation,Secondary Campus Location,Professor of Teaching,Term,job_prof_code5,Professor of Teaching,Clinical Associate Professor,Clinical,job_prof_code0,Clinical Associate Professor
7/6/2024,Ronald,Wilson,Ronald Wilson,92496868-3958-4208-bf7c-f3a023dfa719,ronald.wilson@example.com,EXAMPLE1,example1,EXAMPLE0,example0,EXAMPLE3,example3,EXAMPLE3,example3,PrimaryCampusLocation,Primary Campus Location,SecondaryCampusLocation,Secondary Campus Location,Professor without review,Term,job_prof_code3,Professor without review,Affiliate Professor of Teaching,Tenure,job_prof_code1,Affiliate Professor of Teaching
7/6/2024,Jennifer,White,Jennifer White,2ce002f9-64c8-4930-918b-75bbd401a5f5,jennifer.white@example.com,EXAMPLE2,example2,EXAMPLE3,example3,EXAMPLE2,example2,EXAMPLE2,example2,PrimaryCampusLocation,Primary Campus Location,SecondaryCampusLocation,Secondary Campus Location,Associate Professor (Partner),Tenure,job_prof_code1,Associate Professor (Partner),Acting Assistant Professor (tenure-track),Tenure,job_prof_code3,Acting Assistant Professor (tenure-track)
7/6/2024,Katherine,Davis,Katherine Davis,1e5cad76-2680-4b2f-8830-79059aaef871,katherine.davis@example.com,EXAMPLE3,example3,EXAMPLE3,example3,EXAMPLE2,example2,EXAMPLE2,example2,PrimaryCampusLocation,Primary Campus Location,SecondaryCampusLocation,Secondary Campus Location,Affiliate Instructor,Visiting,job_prof_code1,Affiliate Instructor,Associate Professor (Partner),Visiting,job_prof_code2,Associate Professor (Partner)
7/6/2024,Sean,Peterson,Sean Peterson,8d5f786f-ecf5-4f27-9292-f2ade3a83ed2,sean.peterson@example.com,EXAMPLE2,example2,EXAMPLE0,example0,EXAMPLE1,example1,EXAMPLE4,example4,PrimaryCampusLocation,Primary Campus Location,SecondaryCampusLocation,Secondary Campus Location,Clinical Professor,Clinical,job_prof_code4,Clinical Professor,Professor (tenure-track),Visiting,job_prof_code0,Professor (tenure-track)
7/6/2024,Darren,Donovan,Darren Donovan,1cf806bf-f429-47b9-9ee9-551df06b0c3a,darren.donovan@example.com,EXAMPLE3,example3,EXAMPLE3,example3,EXAMPLE5,example5,EXAMPLE3,example3,PrimaryCampusLocation,Primary Campus Location,SecondaryCampusLocation,Secondary Campus Location,Lecturer,Tenure,job_prof_code3,Lecturer,Professor (tenure-track),Visiting,job_prof_code5,Professor (tenure-track)
7/6/2024,Kenneth,Kennedy,Kenneth Kennedy,d5f46e4e-dc20-4747-9bcf-264e059c51ff,kenneth.kennedy@example.com,EXAMPLE4,example4,EXAMPLE0,example0,EXAMPLE4,example4,EXAMPLE4,example4,PrimaryCampusLocation,Primary Campus Location,SecondaryCampusLocation,Secondary Campus Location,Associate Professor (Partner),Visiting,job_prof_code3,Associate Professor (Partner),Professor (part-time),Visiting,job_prof_code5,Professor (part-time)
7/6/2024,Caroline,Bell,Caroline Bell,3be48124-ddec-4b5d-9b7d-8e6dfb03f474,caroline.bell@example.com,EXAMPLE4,example4,EXAMPLE4,example4,EXAMPLE2,example2,EXAMPLE3,example3,PrimaryCampusLocation,Primary Campus Location,SecondaryCampusLocation,Secondary Campus Location,"Professor, University Killam",Visiting,job_prof_code1,"Professor, University Killam","Professor, University Killam",Clinical,job_prof_code4,"Professor, University Killam"
7/6/2024,Jared,Murphy,Jared Murphy,ba1d9c49-f6f8-4052-8245-dff2d2e76da6,jared.murphy@example.com,EXAMPLE5,example5,EXAMPLE3,example3,EXAMPLE2,example2,EXAMPLE3,example3,PrimaryCampusLocation,Primary Campus Location,SecondaryCampusLocation,Secondary Campus Location,Clinical Assistant Professor,Tenure,job_prof_code0,Clinical Assistant Professor,Associate Professor (part-time),Tenure,job_prof_code5,Associate Professor (part-time)
7/6/2024,Robert,Chavez,Robert Chavez,fb20e84e-e33d-4ea3-984d-29e6d4543028,robert.chavez@example.com,EXAMPLE5,example5,EXAMPLE2,example2,EXAMPLE3,example3,EXAMPLE3,example3,PrimaryCampusLocation,Primary Campus Location,SecondaryCampusLocation,Secondary Campus Location,Professor (tenure),Clinical,job_prof_code0,Professor (tenure),Assistant Professor (tenure-track),Term,job_prof_code2,Assistant Professor (tenure-track)
7/6/2024,Jason,Higgins,Jason Higgins,d54d6a80-9e64-411a-b49a-06539eeaed27,jason.higgins@example.com,EXAMPLE5,example5,EXAMPLE1,example1,EXAMPLE2,example2,EXAMPLE1,example1,PrimaryCampusLocation,Primary Campus Location,SecondaryCampusLocation,Secondary Campus Location,Professor (tenure),Clinical,job_prof_code4,Professor (tenure),Clinical Professor,Visiting,job_prof_code4,Clinical Professor
7/6/2024,Wendy,Bright,Wendy Bright,2991676e-4b5b-4a09-9fae-672cafffb9c9,wendy.bright@example.com,EXAMPLE3,example3,EXAMPLE3,example3,EXAMPLE2,example2,EXAMPLE4,example4,PrimaryCampusLocation,Primary Campus Location,SecondaryCampusLocation,Secondary Campus Location,Affiliate Assistant Professor,Tenure,job_prof_code5,Affiliate Assistant Professor,Professor (grant-tenure),Term,job_prof_code4,Professor (grant-tenure)
7/6/2024,Terry,Schroeder,Terry Schroeder,2993c7d1-e7e3-41d0-b396-50174166eed4,terry.schroeder@example.com,EXAMPLE0,example0,EXAMPLE0,example0,EXAMPLE3,example3,EXAMPLE1,example1,PrimaryCampusLocation,Primary Campus Location,SecondaryCampusLocation,Secondary Campus Location,Assistant Professor,Visiting,job_prof_code5,Assistant Professor,Associate Professor (grant tenure),Visiting,job_prof_code2,Associate Professor (grant tenure)
7/6/2024,Nicole,Garcia,Nicole Garcia,f474eae3-01b4-49c3-bae9-4f02674077fe,nicole.garcia@example.com,EXAMPLE2,example2,EXAMPLE1,example1,EXAMPLE5,example5,EXAMPLE5,example5,PrimaryCampusLocation,Primary Campus Location,SecondaryCampusLocation,Secondary Campus Location,Acting Assistant Professor (tenure-track),Visiting,job_prof_code3,Acting Assistant Professor (tenure-track),Professor (part-time),Clinical,job_prof_code3,Professor (part-time)
7/6/2024,Alexander,Morgan,Alexander Morgan,c428ffc8-0be7-413c-8018-c56e60dcd2f2,alexander.morgan@example.com,EXAMPLE5,example5,EXAMPLE3,example3,EXAMPLE2,example2,EXAMPLE5,example5,PrimaryCampusLocation,Primary Campus Location,SecondaryCampusLocation,Secondary Campus Location,Clinical Professor,Clinical,job_prof_code0,Clinical Professor,Clinical Associate Professor,Term,job_prof_code0,Clinical Associate Professor
7/6/2024,Tammy,Davis,Tammy Davis,d9d400ec-2ca5-492d-81c5-3da577483bd5,tammy.davis@example.com,EXAMPLE2,example2,EXAMPLE0,example0,EXAMPLE0,example0,EXAMPLE1,example1,PrimaryCampusLocation,Primary Campus Location,SecondaryCampusLocation,Secondary Campus Location,Research Associate,Tenure,job_prof_code0,Research Associate,Affiliate Professor,Visiting,job_prof_code5,Affiliate Professor
7/6/2024,Robert,Perez,Robert Perez,3a289c53-7495-4c1c-8de2-a69cda309232,robert.perez@example.com,EXAMPLE1,example1,EXAMPLE5,example5,EXAMPLE3,example3,EXAMPLE3,example3,PrimaryCampusLocation,Primary Campus Location,SecondaryCampusLocation,Secondary Campus Location,Affiliate Professor,Clinical,job_prof_code0,Affiliate Professor,Clinical Assistant Professor,Term,job_prof_code1,Clinical Assistant Professor
7/6/2024,Michele,Frazier,Michele Frazier,a850ec4e-32e0-4345-a838-5f97c6b5ed66,michele.frazier@example.com,EXAMPLE4,example4,EXAMPLE3,example3,EXAMPLE1,example1,EXAMPLE4,example4,PrimaryCampusLocation,Primary Campus Location,SecondaryCampusLocation,Secondary Campus Location,Clinical Professor,Term,job_prof_code1,Clinical Professor,Acting Assistant Professor (tenure-track),Clinical,job_prof_code1,Acting Assistant Professor (tenure-track)
7/6/2024,Rebecca,Smith,Rebecca Smith,a4826d9c-7390-4093-bbbe-4ccc877f3c99,rebecca.smith@example.com,EXAMPLE5,example5,EXAMPLE3,example3,EXAMPLE3,example3,EXAMPLE2,example2,PrimaryCampusLocation,Primary Campus Location,SecondaryCampusLocation,Secondary Campus Location,Affiliate Professor of Teaching,Clinical,job_prof_code0,Affiliate Professor of Teaching,Research Associate,Clinical,job_prof_code3,Research Associate
7/6/2024,Jessica,Levy,Jessica Levy,e6c77cd1-e7af-4607-b26a-01225180fd47,jessica.levy@example.com,EXAMPLE5,example5,EXAMPLE5,example5,EXAMPLE3,example3,EXAMPLE2,example2,PrimaryCampusLocation,Primary Campus Location,SecondaryCampusLocation,Secondary Campus Location,Adjunct Professor,Clinical,job_prof_code1,Adjunct Professor,Professor of Teaching,Clinical,job_prof_code1,Professor of Teaching
7/6/2024,Elizabeth,Mitchell,Elizabeth Mitchell,2bfac3a6-a926-44c8-a080-a1b72c0ffe50,elizabeth.mitchell@example.com,EXAMPLE0,example0,EXAMPLE3,example3,EXAMPLE3,example3,EXAMPLE1,example1,PrimaryCampusLocation,Primary Campus Location,SecondaryCampusLocation,Secondary Campus Location,Affiliate Associate Professor,Tenure,job_prof_code3,Affiliate Associate Professor,Clinical Professor,Visiting,job_prof_code4,Clinical Professor
7/6/2024,Monica,Mcintyre,Monica Mcintyre,9b717e18-4fd7-4609-a0cd-84a70aa55992,monica.mcintyre@example.com,EXAMPLE4,example4,EXAMPLE3,example3,EXAMPLE2,example2,EXAMPLE3,example3,PrimaryCampusLocation,Primary Campus Location,SecondaryCampusLocation,Secondary Campus Location,Professor,Clinical,job_prof_code3,Professor,Associate Professor,Tenure,job_prof_code3,Associate Professor
7/6/2024,Steven,Sosa,Steven Sosa,393b08f1-44d1-4ec9-a1eb-c009b117b1c7,steven.sosa@example.com,EXAMPLE1,example1,EXAMPLE0,example0,EXAMPLE0,example0,EXAMPLE0,example0,PrimaryCampusLocation,Primary Campus Location,SecondaryCampusLocation,Secondary Campus Location,Assistant Professor (Partner),Clinical,job_prof_code2,Assistant Professor (Partner),Clinical Associate Professor,Clinical,job_prof_code2,Clinical Associate Professor
7/6/2024,Yolanda,Durham,Yolanda Durham,ec0a2f29-b706-476b-93c2-c78db7837186,yolanda.durham@example.com,EXAMPLE2,example2,EXAMPLE4,example4,EXAMPLE5,example5,EXAMPLE0,example0,PrimaryCampusLocation,Primary Campus Location,SecondaryCampusLocation,Secondary Campus Location,Affiliate Professor of Teaching,Visiting,job_prof_code4,Affiliate Professor of Teaching,Assistant Professor of Teaching,Visiting,job_prof_code5,Assistant Professor of Teaching
7/6/2024,Anthony,Ramirez,Anthony Ramirez,271370d8-7cb1-41f8-962f-f9bb65455d2f,anthony.ramirez@example.com,EXAMPLE3,example3,EXAMPLE3,example3,EXAMPLE0,example0,EXAMPLE1,example1,PrimaryCampusLocation,Primary Campus Location,SecondaryCampusLocation,Secondary Campus Location,Adjunct Professor,Tenure,job_prof_code2,Adjunct Professor,Acting Assistant Professor (tenure-track),Term,job_prof_code4,Acting Assistant Professor (tenure-track)
7/6/2024,Alicia,Murray,Alicia Murray,e44eeccb-8db9-41b5-af11-9c107600d5b0,alicia.murray@example.com,EXAMPLE3,example3,EXAMPLE0,example0,EXAMPLE0,example0,EXAMPLE3,example3,PrimaryCampusLocation,Primary Campus Location,SecondaryCampusLocation,Secondary Campus Location,Professor (part-time),Tenure,job_prof_code1,Professor (part-time),"Professor, University Killam",Tenure,job_prof_code5,"Professor, University Killam"
7/6/2024,Elaine,Ward,Elaine Ward,c1dd3d29-4142-46b3-bac5-aadd6b5c1d7c,elaine.ward@example.com,EXAMPLE0,example0,EXAMPLE2,example2,EXAMPLE2,example2,EXAMPLE1,example1,PrimaryCampusLocation,Primary Campus Location,SecondaryCampusLocation,Secondary Campus Location,Affiliate Senior Instructor,Visiting,job_prof_code5,Affiliate Senior Instructor,Associate Professor (tenure),Term,job_prof_code4,Associate Professor (tenure)
7/6/2024,Jason,Harvey,Jason Harvey,61b42b56-4a5c-489d-a0c7-ad8afd8ce85b,jason.harvey@example.com,EXAMPLE5,example5,EXAMPLE1,example1,EXAMPLE0,example0,EXAMPLE4,example4,PrimaryCampusLocation,Primary Campus Location,SecondaryCampusLocation,Secondary Campus Location,Associate Professor (tenure-track),Visiting,job_prof_code4,Associate Professor (tenure-track),Associate Professor of Teaching,Clinical,job_prof_code4,Associate Professor of Teaching
7/6/2024,Joseph,Ward,Joseph Ward,569cebda-64cc-4e0f-8c3b-b6d8af052b4c,joseph.ward@example.com,EXAMPLE2,example2,EXAMPLE3,example3,EXAMPLE4,example4,EXAMPLE5,example5,PrimaryCampusLocation,Primary Campus Location,SecondaryCampusLocation,Secondary Campus Location,Associate Professor (Partner),Tenure,job_prof_code3,Associate Professor (Partner),Professor without review,Visiting,job_prof_code2,Professor without review
7/6/2024,Christina,Rice,Christina Rice,4ee202d5-0f76-4f9a-b8f9-d554c6871d04,christina.rice@example.com,EXAMPLE5,example5,EXAMPLE2,example2,EXAMPLE3,example3,EXAMPLE2,example2,PrimaryCampusLocation,Primary Campus Location,SecondaryCampusLocation,Secondary Campus Location,Research Associate,Clinical,job_prof_code4,Research Associate,"Professor, University Killam",Clinical,job_prof_code2,"Professor, University Killam"
7/6/2024,Anthony,Craig,Anthony Craig,ba857c2a-0a96-451f-9642-356d42b3b2a3,anthony.craig@example.com,EXAMPLE5,example5,EXAMPLE3,example3,EXAMPLE5,example5,EXAMPLE4,example4,PrimaryCampusLocation,Primary Campus Location,SecondaryCampusLocation,Secondary Campus Location,Associate Professor (part-time),Clinical,job_prof_code2,Associate Professor (part-time),Assistant Professor (Partner),Tenure,job_prof_code1,Assistant Professor (Partner)
7/6/2024,Kevin,Wheeler,Kevin Wheeler,f331313b-b9f4-4685-bc5b-759c96757b76,kevin.wheeler@example.com,EXAMPLE5,example5,EXAMPLE2,example2,EXAMPLE1,example1,EXAMPLE0,example0,PrimaryCampusLocation,Primary Campus Location,SecondaryCampusLocation,Secondary Campus Location,Assistant Professor of Teaching (grant tenure-track),Tenure,job_prof_code3,Assistant Professor of Teaching (grant tenure-track),Assistant Professor (Partner),Tenure,job_prof_code4,Assistant Professor (Partner)
7/6/2024,Adam,Riley,Adam Riley,e4f620fd-ee1f-4635-b51b-32758f0df015,adam.riley@example.com,EXAMPLE0,example0,EXAMPLE1,example1,EXAMPLE3,example3,EXAMPLE2,example2,PrimaryCampusLocation,Primary Campus Location,SecondaryCampusLocation,Secondary Campus Location,Assistant Professor of Teaching (tenure-track),Tenure,job_prof_code2,Assistant Professor of Teaching (tenure-track),Associate Professor (tenure-track),Visiting,job_prof_code0,Associate Professor (tenure-track)
7/6/2024,Dennis,Nelson,Dennis Nelson,927da48c-edf6-426a-add0-fe00b623f2de,dennis.nelson@example.com,EXAMPLE1,example1,EXAMPLE2,example2,EXAMPLE4,example4,EXAMPLE3,example3,PrimaryCampusLocation,Primary Campus Location,SecondaryCampusLocation,Secondary Campus Location,Professor (tenure-track),Tenure,job_prof_code3,Professor (tenure-track),"Professor, University Killam",Tenure,job_prof_code5,"Professor, University Killam"
